Code,Ground truth
000,768.2041395
001,076591428.3
002,9716825.043
003,829165034.7
010,0.857623914
011,2950.637148
012,597.2148630
013,80.56319427
020,8164.532079
021,629854301.7
022,5348.160297
023,92583107.46
100,76014532.89
101,517430.6829
102,3.075981624
103,017493256.8
110,1260345.789
111,2385140.697
112,4.385071296
113,6315490.827
120,1625.730498
121,517.4326809
122,273189450.6
123,312765.8094
